episode,reward,length,terminal_balance,goal_on_track,min_runway,epsilon
0,1315.4447444552443,107,486963.6056898875,0.3,37.639146749281174,1.0
1,29.777331215478682,84,88791.26751894379,0.15,3.486069909191037,0.995
2,27179.0835396582,72,3154764.060149365,1.0,69.37302882492291,0.990025
3,528.1008062814592,75,235725.77762221926,0.3,31.412515076302597,0.985074875
4,1167.1432039437834,101,119157.59529711671,0.85330922283065,2.582047029084127,0.9801495006250001
5,22671.904164351312,99,2531451.36086601,1.0,20.86852566593062,0.9752487531218751
6,28535.6019262017,101,3240845.5009576976,1.0,36.263070723863294,0.9703725093562657
7,5563.00054631608,91,856952.1502614063,1.0,86.24020707171321,0.9655206468094844
8,2349.5011649391467,105,598140.7617667837,0.0,14.985538311616493,0.960693043575437
9,3174.1704088673946,80,727813.6169654815,0.7576055144014082,19.614677731473854,0.9558895783575597
10,8998.416655741199,118,1309544.2073812112,1.0,47.19207540334826,0.9511101304657719
11,538.0552634118023,60,165693.15957218414,0.3,6.0565966597738425,0.946354579813443
12,3035.4022614165006,115,682166.9310744868,0.7588128910424258,43.67095691506047,0.9416228069143757
13,1010.2648046383579,67,521965.09781052393,0.5,11.258940636120721,0.9369146928798039
14,19127.645555856052,120,2098390.7144457893,0.9031438287362182,13.453626229883964,0.9322301194154049
15,1596.7307216621618,76,610046.9264309946,0.7804379603324803,20.25454564782423,0.9275689688183278
16,2211.397602963639,107,679342.7090800195,0.3,80.41141884255616,0.9229311239742362
17,5957.669471857699,98,1013702.0180724818,0.9923292974274032,33.312195905871235,0.918316468354365
18,2835.141413173981,76,494488.99671962106,0.0,35.06442280390131,0.9137248860125932
19,7212.650496962254,98,1047832.7612813908,1.0,57.90541463916235,0.9091562615825302
20,35007.132742043475,103,3556210.613345586,1.0,30.954153089920982,0.9046104802746175
21,1549.255136125438,105,257289.03794176262,0.15,3.5136679885833755,0.9000874278732445
22,1768.5129588695904,113,474520.09087276907,0.8472321439801849,12.393678287134462,0.8955869907338783
23,1962.9455176470176,68,200105.6928822309,0.9141696513560584,5.6435489672207755,0.8911090557802088
24,2040.0658761657378,97,333049.15569802147,1.0,7.8713838634173,0.8866535105013078
25,3539.1588618495553,84,806483.9821279256,0.8967641280665232,50.170447804839085,0.8822202429488013
26,2538.1530576192067,88,304699.4838321815,1.0,10.285161962719801,0.8778091417340573
27,8689.883445941094,60,909087.8854225149,0.3,2.28058675166788,0.8734200960253871
28,6904.173627502052,116,821142.2393793939,0.0,11.926107012848064,0.8690529955452602
29,1449.0732179219644,92,446449.71000596805,0.0,61.89694392252677,0.8647077305675338
30,2164.744011813728,89,401493.81308336166,1.0,22.22316513140786,0.8603841919146962
31,6744.213608830928,79,994094.2920040174,1.0,18.266324149087062,0.8560822709551227
32,12579.901108097558,115,1218411.7071690226,0.929332332146395,1.3962782077723341,0.851801859600347
33,9554.481937808558,117,1320982.126360605,1.0,22.318403848778647,0.8475428503023453
34,5928.652695518129,73,915026.331947547,1.0,19.082675712481834,0.8433051360508336
35,5518.233459043448,108,850147.2930925662,0.8781601760703808,16.49532846755586,0.8390886103705794
36,3491.604075841931,92,792453.2044813696,0.0,36.50498957746223,0.8348931673187264
37,5214.365454680024,93,802359.2717705328,1.0,17.997631329308017,0.8307187014821328
38,4099.079441307436,80,817218.0648299824,0.0,96.54819840379588,0.8265651079747222
39,5898.7046809015355,98,897842.3636674619,0.7929294429945314,38.8027085121057,0.8224322824348486
40,3368.962891767608,69,714020.6096555843,1.0,33.88419651195372,0.8183201210226743
41,15329.229518352817,106,1801823.688337246,0.8896488302300477,123.42572333359563,0.8142285204175609
42,9401.038074602151,87,1241134.5642516476,0.9307931731259715,46.52267640570525,0.810157377815473
43,2338.75453021433,84,299292.34195211175,0.7912639689148225,16.212303743730907,0.8061065909263957
44,3668.9616934041974,70,770246.2572026446,0.3,28.650246781019433,0.8020760579717637
45,2833.436933336462,106,459555.33375762036,0.15,15.445030823735959,0.798065677681905
46,2469.8981822223254,110,600790.249820797,0.5,18.33575422811583,0.7940753492934954
47,6762.814543224892,66,1066570.6491442197,0.5,86.12484872218586,0.7901049725470279
48,2942.8070264174603,89,768908.821325225,0.3,32.036427537064725,0.7861544476842928
49,11598.060229931862,92,1496619.6892618989,1.0,25.131766053245435,0.7822236754458713
50,2722.6478679473994,71,526827.2219532015,1.0,20.444223372670404,0.778312557068642
51,5280.522633650783,109,946915.3661596535,0.0,25.01366615117832,0.7744209942832988
52,19062.70339855148,117,2163484.355148029,1.0,27.69425274464528,0.7705488893118823
53,8123.548044586991,89,1137122.9997944664,1.0,104.25772894563254,0.7666961448653229
54,1518.7073967603396,81,340571.5091394993,0.3,7.9154645788234586,0.7628626641409962
55,1069.291658965245,61,152076.1128915485,0.15,1.7035921198244373,0.7590483508202912
56,4572.556502327923,105,583926.3620459149,0.0,7.170223362389761,0.7552531090661897
57,5396.98346204265,64,925894.6212348221,0.0,21.345814148270783,0.7514768435208588
58,5905.270935911662,73,633157.151150738,0.5,2.3808231332119187,0.7477194593032545
59,8845.495659743243,96,1292183.0795036445,0.7580257124520245,21.483250664853816,0.7439808620067382
60,21764.599838573668,89,2512329.914651912,0.9484220109934837,125.38650395140152,0.7402609576967045
61,1743.3126821649748,93,143212.92003481326,0.9064568262864277,0.8288217411978896,0.736559652908221
62,17357.586207907963,119,2155126.2131240275,0.9866648678895275,54.51604243621894,0.7328768546436799
63,7074.228531641441,61,982266.0000661841,1.0,54.356433713767935,0.7292124703704616
64,2093.614680643887,98,227869.95136675506,0.8789503271627125,2.4463681784283606,0.7255664080186093
65,33558.3085678287,118,3762577.405142885,1.0,22.488120791339608,0.7219385759785162
66,7890.799446986026,119,771834.8607013167,0.8249312410988526,0.7192564449272576,0.7183288830986236
67,6182.855998655003,69,737300.327645987,1.0,15.244312640490715,0.7147372386831305
68,4653.518317662952,112,449126.9139423147,0.7652204426671563,2.092312206781041,0.7111635524897149
69,33004.12199091653,117,3367424.225022815,1.0,15.017236610577118,0.7076077347272662
70,3674.630322014973,114,496770.4583378129,0.7967921772638075,7.639260710547337,0.7040696960536299
71,2974.3390258598292,66,412103.3771545515,0.8624854980398372,6.733183009055955,0.7005493475733617
72,12526.455175406163,118,1567932.8570656928,0.9950621356197652,102.54519348649683,0.697046600835495
73,14516.411803482284,95,1535496.7149600615,0.9630442485991095,28.699764375704635,0.6935613678313175
74,636.503496585269,78,254548.65337083992,0.8080055418030206,52.68997907021783,0.6900935609921609
75,2672.392861630165,99,488647.0176944568,0.764346227369427,16.387340740060186,0.6866430931872001
76,10411.169013398054,119,1146453.2405768796,0.0,5.7771467955542075,0.6832098777212641
77,6929.497701961768,77,943432.7685654238,0.9224580687847409,26.123855919582947,0.6797938283326578
78,33594.65140921904,109,3673019.3194004875,1.0,52.47240570120883,0.6763948591909945
79,10503.908570814452,119,1465092.9781630463,1.0,40.35241271967164,0.6730128848950395
80,19954.271240003647,89,2164759.738590338,1.0,11.828567715000302,0.6696478204705644
81,6416.7899785581,81,740464.0118412382,0.8754351774692971,7.476306758031924,0.6662995813682115
82,3814.068374494992,87,686011.1695781893,0.65,13.256393485837776,0.6629680834613705
83,38757.79938579808,104,3985179.2647354896,1.0,37.44563014163662,0.6596532430440636
84,2071.2819339638313,66,307655.5136473299,0.15,4.980713970529759,0.6563549768288433
85,24504.781121927306,99,2484384.952001719,1.0,38.820140474891666,0.653073201944699
86,7662.869465051548,100,1010321.6956314003,0.9022750487756477,9.298988268503672,0.6498078359349755
87,5445.448420972228,75,603809.4461296274,0.0,2.3078435075533266,0.6465587967553006
88,8884.816385548715,99,1324651.7675662225,1.0,31.57937189025196,0.6433260027715241
89,16039.100096960965,102,1730579.700504959,0.9738188351450323,59.6625491978786,0.6401093727576664
90,2279.503061260949,99,515921.7378227941,0.0,19.235517825332547,0.6369088258938781
91,13592.893164861614,81,1734661.44904137,1.0,85.21802859429731,0.6337242817644086
92,11923.177943669247,81,1250503.6487444646,1.0,36.19096385386515,0.6305556603555866
93,4943.88898524865,99,791922.4640191598,0.5,21.01581346920589,0.6274028820538087
94,1301.470123263501,84,199765.67612465497,0.3,6.4198891095416215,0.6242658676435396
95,1701.5699159666613,93,542557.2212780123,0.15,24.2513942634699,0.6211445383053219
96,2752.962021027955,70,603836.1274142807,0.8273753876882848,25.089706680991014,0.6180388156137953
97,734.1582151983995,112,287393.72181740345,0.3,8.608162803617903,0.6149486215357263
98,21.84986769175017,60,85142.2649185846,0.0,14.413298032348019,0.6118738784280476
99,3873.6124436214077,78,435882.4913722542,0.0,2.177274437225063,0.6088145090359074
100,9752.786328365066,97,953192.2784357013,0.754505897372131,0.5982224016629911,0.6057704364907278
101,2029.6180489758858,92,396401.26940943557,0.5,20.24963441346214,0.6027415843082742
102,2086.182716354918,79,258703.04968934835,0.9932222983001883,29.61110892366454,0.5997278763867329
103,1978.8097634031099,82,642462.2221815299,1.0,44.45985486794194,0.5967292370047992
104,3862.197504560728,85,779737.2866117776,0.0,10.933484308101011,0.5937455908197752
105,20427.54784500388,67,2496871.731845779,1.0,118.1213718117315,0.5907768628656763
106,8048.430768021977,98,842874.6499056448,0.3,5.84116358055897,0.5878229785513479
107,3140.8822747229356,71,715412.6307178868,1.0,45.8499324793435,0.5848838636585911
108,61.48084062799022,95,47322.67206762107,0.15,4.144395133130387,0.5819594443402982
109,12493.700414530203,105,1549199.8556682097,0.7604075557540418,43.41277569134791,0.5790496471185967
110,2648.324261509935,108,599515.9561965929,1.0,32.883235981473035,0.5761543988830038
111,5358.600882876279,105,874221.3998628494,1.0,35.18109578163911,0.5732736268885887
112,6088.6321311350575,117,1023175.0371028273,0.7588098175179654,32.73619845661838,0.5704072587541458
113,1829.9465780635287,76,251910.64175934755,0.3,3.330176053700405,0.567555222460375
114,2069.8369764752474,63,516203.98896116007,0.0,28.058655162374293,0.5647174463480732
115,26638.22364163782,98,2830196.8663691804,1.0,73.90456125372454,0.5618938591163328
116,7746.720665243681,87,1226550.833606953,1.0,20.569942458403933,0.5590843898207511
117,1291.9625358125456,69,357706.85964396846,0.0,32.813572065919246,0.5562889678716474
118,3011.1234010601634,85,536886.3340942344,0.7593650418791218,31.573914830732303,0.5535075230322891
119,3052.1538130076465,96,745546.8211538686,0.0,68.60334928408518,0.5507399854171277
120,2380.872918125437,78,350275.84869299654,1.0,20.481426382420707,0.547986285490042
121,5630.379542969945,89,751495.5962153998,1.0,11.834422929393389,0.5452463540625918
122,1029.7357768910674,117,448535.14542887104,0.0,52.28691491826491,0.5425201222922789
123,7239.823484919052,112,991253.4635427558,1.0,30.860880184706033,0.5398075216808175
124,4411.342863911476,111,716448.7081349383,0.764735082057703,17.360255670477954,0.5371084840724134
125,11193.104059854466,67,1264508.7552342003,0.0,9.066975255179798,0.5344229416520513
126,1927.5531064944303,106,607430.8236521035,0.3,110.00036576705871,0.531750826943791
127,13723.450337644144,77,1785288.2696510947,0.7757828436068854,60.13129614642715,0.5290920728090721
128,5550.562643907394,106,670717.9823844277,0.8973844490533697,32.29895256655271,0.5264466124450268
129,4394.088254096565,116,541413.8103758964,0.0,5.958960758150304,0.5238143793828016
130,3222.5183050951714,98,420118.84385941556,0.0,6.618225460738424,0.5211953074858876
131,683.1311764787159,89,355324.1377200056,0.3,48.582979173213566,0.5185893309484582
132,7845.335112318117,89,1124079.8606280538,0.3,28.664369224189922,0.5159963842937159
133,3226.4032294695294,71,669863.0462906422,0.15,16.773718823211215,0.5134164023722473
134,14145.753204543613,90,1722195.6257476977,1.0,23.873554077300287,0.510849320360386
135,2224.197046896227,60,554390.7132853614,0.7828020835539129,21.018014107410764,0.5082950737585841
136,1684.1527504221701,92,299637.7319883973,0.65,8.891473881582053,0.5057535983897912
137,3603.2908629000135,96,491193.0581653674,1.0,12.508137265281679,0.5032248303978422
138,5062.65242221749,62,881853.5677239071,0.0,15.938292959117216,0.500708706245853
139,3934.1035207329032,75,803275.2292903643,0.15,15.412059882444218,0.4982051627146237
140,1778.777727823798,83,468156.4335666876,0.9108059336227704,88.1529953668588,0.49571413690105054
141,10623.02670563662,72,1206185.2992922969,0.9521891018008992,14.400551318474664,0.4932355662165453
142,251.55911130940805,71,178087.06182163378,0.0,24.17791761166684,0.4907693883854626
143,10630.339518892475,96,1143526.9807235394,1.0,7.3360046092580165,0.4883155414435353
144,6819.399026100904,104,785569.9555091885,0.0,3.799953307902264,0.4858739637363176
145,1866.9790672761892,108,262109.11490933885,0.15,2.4394375912092876,0.483444593917636
146,2237.7649338655374,74,325668.673833995,0.15,4.7805134436824925,0.4810273709480478
147,8259.26137950446,80,991264.7298655859,1.0,21.022398596661585,0.47862223409330756
148,15571.361490958088,90,1695570.5652615046,1.0,39.67638658054437,0.47622912292284103
149,7484.769941006676,109,993178.6538365496,0.9514305085379615,14.831923040901593,0.4738479773082268
150,12745.624636885756,78,1470161.8824189585,0.0,11.385877859016848,0.47147873742168567
151,10757.186189449389,96,1336975.8459584496,1.0,28.78706053053478,0.46912134373457726
152,14278.501091644526,73,1643054.3834297694,1.0,33.431360668732886,0.46677573701590436
153,16886.15404436511,90,1755731.758259153,1.0,5.355089013943747,0.46444185833082485
154,4105.200510127524,82,769988.015776494,0.0,20.400331739681395,0.46211964903917074
155,503.43117181632493,70,88821.3887150319,0.0,2.9524530242789075,0.4598090507939749
156,473.3722681976229,72,89684.11585958659,0.15,3.8874591993953644,0.457510005540005
157,3476.2546486244123,66,622086.923959864,0.7563394994796435,13.959133045845583,0.45522245551230495
158,3842.8866032464866,84,490201.0354718142,0.0,3.8335369745123353,0.4529463432347434
159,7125.69711531334,77,780556.4497518928,0.8817685161168558,32.51213520670015,0.4506816115185697
160,3176.614032257448,77,371552.30641939095,0.3,2.179542554062886,0.4484282034609769
161,3807.8596852396236,109,563033.1394787373,0.15,29.15029198090224,0.446186062443672
162,1244.8101573688414,116,247811.0076710221,0.0,11.040805124835087,0.4439551321314536
163,16465.35107132602,80,2058752.0603291201,1.0,60.28227232327106,0.4417353564707963
164,9750.402403793796,101,1291284.1822829768,0.7568539979787554,34.896431924470804,0.43952667968844233
165,5512.220634006577,102,929969.0405404443,1.0,19.142141429673675,0.43732904629000013
166,1535.9794101876025,78,400350.68327439047,1.0,24.846903794778214,0.4351424010585501
167,8158.257033902917,109,1164233.5236483873,1.0,23.338980281858642,0.43296668905325736
168,5073.731168686947,98,757934.6124847336,0.7517496647030493,17.151773233153882,0.43080185560799106
169,5783.418953020042,105,601112.5241610903,0.8163436073187881,7.1629146087034306,0.4286478463299511
170,18008.179915120407,71,1798840.2544857005,1.0,8.211780151014416,0.42650460709830135
171,3055.6329385960034,72,530115.3002003336,0.7660900251101238,15.829668629448337,0.42437208406280985
172,7362.461458524784,96,874255.7472141578,1.0,14.313783532757174,0.4222502236424958
173,6697.884568431475,88,778022.4817837498,0.0,4.0405715090723415,0.42013897252428334
174,7617.883358074855,82,960217.8606463508,1.0,12.05777647599141,0.4180382776616619
175,20532.244495314197,100,2414240.9133071005,1.0,46.565000897077674,0.4159480862733536
176,12725.978364009812,82,1583001.4985270884,1.0,17.108451368305587,0.41386834584198684
177,15566.174658704032,65,1614698.2107970002,1.0,13.886248927523555,0.4117990041127769
178,11608.861032633315,71,1500343.8958854678,1.0,38.63465505864132,0.40974000909221303
179,17887.798342274775,118,1812228.3401936828,1.0,4.8865520089128545,0.40769130904675194
180,5491.850431236979,116,669319.9240475793,0.8789596471724437,8.664925627841532,0.40565285250151817
181,2798.0829213808183,92,699387.2649378742,1.0,131.8524259183592,0.4036245882390106
182,1372.9958236645036,87,406012.9520818396,1.0,13.424950887719014,0.4016064652978155
183,10455.26987443724,69,1139508.7130678738,1.0,74.5133341509401,0.3995984329713264
184,9083.012079506052,101,1116317.6986596547,0.760406581991215,27.572056817709495,0.3976004408064698
185,4133.077889803509,109,491254.68150930235,0.0,4.221526088191553,0.39561243860243744
186,8158.194696549405,97,1240600.4424735222,1.0,25.693775588670857,0.3936343764094253
187,5713.389400912856,96,1052562.917056691,0.0,32.98318354474607,0.39166620452737816
188,8081.531086261854,75,1193072.5126701973,0.8317885724695216,24.21199887108766,0.3897078735047413
189,3872.514008542639,81,408997.2832510797,0.7625073335917283,5.30063118181545,0.3877593341372176
190,10691.973674643143,103,1454424.8565164697,0.8677549237257408,26.760276496415244,0.3858205374665315
191,3618.335031846407,65,714603.1157789096,0.3,17.734580421730307,0.38389143477919885
192,19683.897990885685,116,2162938.337814738,1.0,19.215063028210327,0.3819719776053028
193,14257.055627269905,96,1850030.2415392809,1.0,36.18889208184285,0.3800621177172763
194,8148.5684102111645,73,1223597.5695973267,0.8972521750612368,122.66380005157784,0.37816180712868996
195,15483.732453973227,77,1982740.361261058,0.8292781334792878,56.865421977496396,0.37627099809304654
196,18858.37940141382,116,2033637.6156916246,1.0,5.2891843032215045,0.3743896431025813
197,11528.851651270641,106,1313290.911420011,1.0,14.143960293874839,0.37251769488706843
198,36677.73305000171,118,3915881.2994796513,1.0,59.31692121934912,0.3706551064126331
199,7134.576067309296,99,820053.8424408447,1.0,15.924641873767762,0.36880183088056995
200,21017.114188495085,93,2311021.6708716904,0.9362179266349033,52.93483889638655,0.3669578217261671
201,6273.410934143345,110,682265.6959690208,1.0,7.349625825673246,0.36512303261753626
202,1059.3213560639142,98,450201.05310036294,0.3,28.149107701848582,0.3632974174544486
203,3217.0105293035813,113,380173.92690868006,0.0,2.0200636916448977,0.3614809303671764
204,13330.47698381364,67,1529454.9857581747,1.0,45.89201870998424,0.3596735257153405
205,4881.870246048857,116,717705.9687079502,0.9430451249488805,29.056801519383683,0.3578751580867638
206,991.7038762207097,86,323467.8214007851,0.15,37.39121094357909,0.35608578229633
207,18891.895596928887,116,2288736.9498771694,1.0,41.88503322323626,0.3543053533848483
208,2415.326185124464,119,375034.69683645945,0.3,9.739373381027287,0.35253382661792404
209,2786.3785549656,118,758106.4726366581,0.0,24.10229427929962,0.3507711574848344
210,1552.6140044316137,111,618461.5578588863,0.3,52.927172247244094,0.34901730169741024
211,9036.19180118294,120,1124162.8586199768,1.0,61.592366764374894,0.3472722151889232
212,867.274430504945,120,542832.2243476979,0.0,70.91553282747559,0.3455358541129786
213,8443.49486742807,107,1288914.2241605711,1.0,45.812559828515745,0.3438081748424137
214,9114.57432002137,70,972740.987286215,0.0,7.320411025573094,0.3420891339682016
215,20981.68398743404,80,2435132.3506607222,1.0,47.33549273456108,0.3403786882983606
216,19844.00286842585,73,2345443.9930398385,0.8630716939798098,48.4637244937571,0.3386767948568688
217,23776.4582613255,107,2484033.851684071,1.0,63.28180532293588,0.33698341088258443
218,9116.268190052555,73,1151422.7251023757,0.0,48.379192207136164,0.3352984938281715
219,28093.438789697924,106,3239438.549947088,1.0,122.06068636537694,0.33362200135903064
220,7714.187901369449,97,1010123.1144799967,0.983710537542,44.75764891409535,0.33195389135223546
221,2857.016444889696,84,658194.0077796513,0.8471558121266209,15.813279256999117,0.3302941218954743
222,28427.62424264544,116,2886869.946698064,1.0,11.686407066588583,0.32864265128599696
223,2833.377641142542,77,445772.4541913588,0.9416392978096655,16.142170078333518,0.326999438029567
224,15310.54750960456,68,2024654.9136168275,1.0,85.93620417841603,0.3253644408394192
225,7781.461593630812,109,1223732.7951004305,0.8057137623460274,26.5892578172941,0.3237376186352221
226,9489.946320947658,111,1379408.8795505837,1.0,55.502718789197615,0.322118930542046
227,990.4139921000017,64,182401.76815970967,0.0,3.8405246365201835,0.32050833588933575
228,3397.734590066465,98,819516.3512784973,0.0,38.743293562407615,0.31890579420988907
229,5440.130114635799,60,663993.3823405809,0.5,13.551638390713958,0.3173112652388396
230,21053.300931368056,93,2286239.340595305,1.0,53.33006409477133,0.3157247089126454
231,29159.71860837368,103,3353910.429692916,0.9379834993314382,25.835703028150533,0.3141460853680822
232,3096.5060159514665,99,633134.0638058517,0.65,38.98687644579748,0.3125753549412418
233,8037.945289788218,97,899583.7118252229,0.0,23.706642638767356,0.31101247816653554
234,13484.483068838948,119,1437970.1745974836,1.0,6.155148014363535,0.30945741577570285
235,1558.4046135010317,87,458942.70895901835,0.0,26.816291455061624,0.3079101286968243
236,720.4076679938624,115,177411.78609935334,0.0,11.550465706145513,0.3063705780533402
237,1465.105072091562,77,464934.9141803679,1.0,32.30732344208181,0.30483872516307353
238,1884.2014057490296,62,239000.5169393631,0.15,2.2629484584691713,0.3033145315372582
239,2892.5669731504317,81,342620.8387717449,0.0,1.2580440484876967,0.3017979588795719
240,10446.776723325245,114,1402217.675783976,1.0,73.07320261669635,0.30028896908517405
241,7655.364205592306,97,1192885.766127166,0.8051227749802127,65.48582509677662,0.2987875242397482
242,10251.428778081006,78,1347598.0119420902,1.0,81.30248409816745,0.29729358661854943
243,11414.26464865197,62,1470028.9231679467,1.0,28.603287100274493,0.29580711868545667
244,5145.835201031424,112,648787.2606642158,1.0,18.660012267739607,0.2943280830920294
245,789.9668049032626,72,249231.01333518708,0.0,49.91486977820492,0.29285644267656924
246,4955.567569738585,118,661653.9635563559,0.0,6.517095203194987,0.2913921604631864
247,3279.471105064268,109,582824.3193905405,0.5,22.39551298694485,0.28993519966087045
248,15372.374984548807,102,1760877.2727488622,1.0,14.229562266396973,0.2884855236625661
249,6162.909957858419,77,1096044.6267144955,0.0,47.81638392338781,0.28704309604425327
250,2625.8781378111285,89,646191.3134698332,0.3,88.85857259735235,0.285607880564032
251,5049.298581229415,88,673640.7461172281,0.0,5.326911155014822,0.28417984116121187
252,1449.612068246483,67,465244.3485941058,0.0,79.34062996391559,0.2827589419554058
253,2981.649056094905,109,809612.7642177796,0.0,136.75118597474736,0.28134514724562876
254,2110.5269290575498,114,567235.3549058903,0.0,12.163504896695814,0.2799384215094006
255,13766.092354858425,87,1771439.608876243,0.8764529713408244,22.847804164645638,0.27853872940185365
256,3812.8280382315456,98,713987.6496754161,1.0,59.823759047383994,0.27714603575484437
257,30116.835085623123,98,3372990.6047862507,1.0,89.03936820517944,0.2757603055760701
258,10032.729637694854,72,1339497.4995876942,0.0,88.24090566498464,0.2743815040481898
259,11958.77753750514,69,1635238.1053699143,1.0,47.303207876331925,0.2730095965279488
260,2517.5047609380513,84,372421.1134890414,0.8401995015357812,25.35515204536648,0.27164454854530906
261,5248.746855871744,112,526595.1629714185,0.65,2.1299887517023173,0.2702863258025825
262,4124.56893351615,117,451550.25805924553,0.3,4.861803214242293,0.2689348941735696
263,14190.532247752973,92,1843415.8574898753,1.0,21.640067177839523,0.26759021970270175
264,19744.63465741262,96,2285316.9396215724,1.0,29.992067149252602,0.2662522686041882
265,828.7196869169202,80,236878.0912156817,0.15,10.043996590448812,0.2649210072611673
266,7264.343019513728,106,1103197.121272827,0.8402773129771718,57.35408042921607,0.26359640222486147
267,5118.699012580009,116,904913.1662929548,0.0,21.399337943365953,0.26227842021373715
268,13475.057262645914,78,1736337.9330082047,1.0,99.5993189305471,0.2609670281126685
269,20287.754407553104,112,2183086.4273158466,0.838993104348231,57.896615853764715,0.25966219297210513
270,6172.44922033697,118,835835.0387580645,0.0,11.46003847377923,0.2583638820072446
271,5020.275414191975,78,966464.9024096399,0.7508589378317627,98.97956866714759,0.2570720625972084
272,7514.674556929791,110,1152199.6239990357,0.0,17.74365293754627,0.25578670228422234
273,10272.439269058263,104,1269268.8306486858,1.0,14.881161345938981,0.25450776877280124
274,2478.3958752263798,83,415241.33523394517,0.0,26.21294333405889,0.2532352299289372
275,18765.9277267164,91,2245457.8635109086,1.0,25.338728001022346,0.2519690537792925
276,15779.417722517126,108,1915664.6359311242,1.0,53.813776460247716,0.2507092085103961
277,14061.676885891704,81,1632110.1172360023,1.0,83.11002568363257,0.2494556624678441
278,3552.821556711107,103,828287.4508801405,0.65,19.77404474689602,0.24820838415550486
279,1959.6852826759568,95,451649.0549647582,0.15,24.337516925829565,0.24696734223472733
280,3284.368987588157,95,510837.0020549893,0.15,13.031124205563861,0.2457325055235537
281,5093.711720001021,97,706211.2549486101,1.0,41.13278985364813,0.24450384299593592
282,6599.391267869543,63,1142352.4086497438,0.3,24.051416367531036,0.24328132378095624
283,757.9269283834309,73,210560.14604442334,0.3,7.994428374100835,0.24206491716205145
284,534.461071581603,69,460072.77922199544,0.0,108.48726003510467,0.2408545925762412
285,8935.094644841041,62,943122.1260009946,0.0,14.505618209269368,0.23965031961336
286,384.9541510409342,62,167720.42810323974,0.3,7.312674099647357,0.2384520680152932
287,6197.367895668585,71,1038756.0501593036,1.0,13.297670434339777,0.23725980767521673
288,8551.294838404441,108,894448.9845081237,0.7771295855863952,4.007752351132666,0.23607350863684065
289,12579.335651966921,95,1511734.5545092719,0.0,9.930618043981438,0.23489314109365644
290,23535.097259879472,113,2709539.627476544,0.9813121579711822,42.523750028497915,0.23371867538818816
291,11761.358715476674,96,1411444.0240032347,0.7897908622416852,22.084300243033752,0.23255008201124722
292,21029.355387781765,80,2306803.5221277634,0.9021208481370967,87.25225596059818,0.231387331601191
293,7923.958312880579,66,981862.6384284708,0.0,36.44663588341128,0.23023039494318503
294,2260.346299590989,106,757826.9839683385,0.3,34.60145774967616,0.2290792429684691
295,1467.0821171655102,80,401611.2748981683,0.0,22.266483483356843,0.22793384675362674
296,4917.390034905368,110,628443.2966115503,1.0,14.485203891571821,0.22679417751985861
297,9267.77262331899,88,1228791.6417590615,0.8674762272240636,24.503134125599118,0.22566020663225933
298,11119.075195343086,90,1563250.8496652138,1.0,110.35780129241937,0.22453190559909803
299,1958.2030945957654,117,335520.49305339705,0.5,36.09986814793347,0.22340924607110255
300,6659.016955194056,114,1020406.1992206143,1.0,41.738562769387464,0.22229219984074702
301,3181.749584458968,64,629545.1714312052,0.3,29.446457325537164,0.2211807388415433
302,5868.3449617220285,86,1057923.2766365067,0.7512065468858049,129.48409939737348,0.22007483514733558
303,6910.016442264122,65,1076790.6751745858,1.0,30.50556295656411,0.2189744609715989
304,2864.5597893833888,82,594908.3669617038,0.5,32.98722515103196,0.2178795886667409
305,14383.173592614628,91,1681090.2220082004,1.0,18.16687475065772,0.2167901907234072
306,9050.051679191163,77,919287.6271475425,0.7930091970713934,3.149140070731033,0.21570623976979014
307,22329.412207493402,95,2621295.504818447,1.0,80.54463020285844,0.21462770857094118
308,16408.836554070247,106,1883782.1934846994,1.0,14.562502850430192,0.21355457002808648
309,31374.037442136654,112,3286974.3900023294,1.0,28.170076346854085,0.21248679717794605
310,6025.429120177915,96,1044249.1161114777,0.8983716625771947,81.46460682004549,0.21142436319205632
311,15602.159383878214,99,1797056.8921093969,1.0,17.338419373126097,0.21036724137609603
312,21113.32810166044,85,2556727.650314943,1.0,38.625595885507984,0.20931540516921554
313,12197.305674134614,80,1385937.6593220271,0.0,11.959789782478584,0.20826882814336947
314,9195.084867462403,79,1298137.7646552874,1.0,69.00143872335745,0.20722748400265262
315,3498.4101005586385,102,521640.0498354885,0.8892869428406683,34.40332991712346,0.20619134658263935
316,845.7252344432595,101,233220.18596401997,0.15,21.709058613695706,0.20516038984972615
317,2063.1111086118253,70,482783.7426981157,1.0,18.78633322104167,0.2041345879004775
318,17877.859941255512,112,1982218.0418348238,0.950499328826665,63.12657704327543,0.2031139149609751
319,14334.233014937525,103,1580181.73114173,0.797838838704765,25.960223712692702,0.20209834538617025
320,5405.498035715289,84,831300.8242856342,1.0,31.59132417307155,0.2010878536592394
321,14289.237873251212,98,1828538.5064407936,1.0,60.678771990989055,0.2000824143909432
322,29532.31921148862,88,3090318.1948495368,1.0,56.934214035933486,0.19908200231898848
323,2328.61188908775,115,375617.1599556894,0.0,8.60323737376123,0.19808659230739353
324,6952.786476855255,71,703512.0988479566,0.9274242335883728,2.503585543825379,0.19709615934585656
325,766.8665907473625,88,213025.47897015302,0.3,9.93144860685046,0.19611067854912728
326,10606.7378045938,61,1192594.7203799884,0.8421869650267898,20.467117765893953,0.19513012515638165
327,10148.865425166254,108,1443456.797945662,0.0,28.256942666322885,0.19415447453059972
328,6843.482895986799,114,902903.2190046164,0.0,16.21004315496083,0.19318370215794672
329,8427.355799639994,91,1177075.8195764706,0.8866830647854735,41.04110523391164,0.192217783647157
330,16307.244877491567,101,1619613.9825698084,1.0,21.782623432272345,0.1912566947289212
331,2103.020813623803,69,424725.3091472925,0.9286745939468037,15.163807903146445,0.1903004112552766
332,7896.786471245813,99,955350.7153437706,0.5,13.210555122340203,0.18934890919900021
333,6437.8319770768,112,749036.089129486,0.8279756593371658,11.28779853693025,0.18840216465300522
334,308.11742838348965,83,154957.56032639017,0.15,4.828452973424212,0.18746015382974018
335,13321.464620233604,63,1691512.662641397,1.0,43.36301098955491,0.1865228530605915
336,7940.279798232748,117,1139672.260515977,1.0,27.425649160346595,0.18559023879528855
337,2668.789932795868,113,469967.7030815007,0.7979889379226316,10.440179532124025,0.1846622876013121
338,4277.559125145872,102,617307.0978323129,0.7573299429649702,24.92172291338278,0.18373897616330553
339,3938.5550605723765,88,669151.9573830001,0.7772528956241925,36.71152651531847,0.182820281282489
340,2938.5869984145224,100,672857.1344743735,1.0,34.47088527374926,0.18190617987607657
341,12165.606605405825,72,1278051.3468934607,1.0,6.834027032680684,0.18099664897669618
342,2220.915493876592,90,296663.6153581487,1.0,27.117359520771352,0.1800916657318127
343,2606.7559028751825,60,665679.2397091055,1.0,27.10352578581505,0.17919120740315364
344,18414.707002199113,101,2076656.988031893,1.0,12.507113081149521,0.17829525136613786
345,12167.694417549412,94,1582310.1706286955,1.0,38.856511917870094,0.17740377510930716
346,14911.460197732158,103,1582620.1682685767,0.9285741569719996,14.396094811341163,0.17651675623376062
347,3679.6847577836056,94,622239.2388422155,0.3,14.418009274052938,0.1756341724525918
348,10224.001666289132,95,1349749.746229555,1.0,45.46840504480594,0.17475600159032884
349,8774.337371351157,74,1227489.1459591517,1.0,28.28126295229263,0.17388222158237718
350,10912.710352723067,105,1301126.0597333591,0.65,87.14398673600515,0.1730128104744653
351,3726.2598926209894,81,525467.6676844177,0.7955162413367152,16.839711670292594,0.17214774642209296
352,12656.462059406143,93,1231319.1807472613,1.0,3.227332697814704,0.1712870076899825
353,6218.343766109444,92,1070322.9893626734,0.8446908153356018,47.987785503527704,0.17043057265153258
354,2290.413045453911,93,319040.8452147754,0.7931398333617924,28.833415599300604,0.16957841978827493
355,3325.6193528506287,65,796904.3541433933,1.0,41.063389380586976,0.16873052768933355
356,25699.577151740956,79,2630148.243608516,0.8692607591689515,18.197472599660728,0.1678868750508869
357,6551.414745127132,120,1112061.6913137925,0.0,41.91686930447259,0.16704744067563246
358,2531.506351501496,70,348684.93915553234,0.7753289189446513,18.07749671970881,0.1662122034722543
359,4204.833722829368,96,584102.4028127322,0.0,5.747971173837623,0.16538114245489302
360,1580.5188963798698,78,539196.3090694662,0.15,39.687753820318136,0.16455423674261854
361,12023.354537046676,82,1446859.0001292787,0.854892366486726,12.771683422719072,0.16373146555890544
362,18908.84643540093,71,1884099.3282378719,1.0,16.274528825864532,0.16291280823111093
363,21192.189221645625,88,2427733.0306671485,1.0,112.23973778122328,0.16209824418995536
364,25208.316117826893,88,2526984.501434543,1.0,2.933059307816396,0.16128775296900558
365,19224.932678018697,81,2233389.2409576294,1.0,68.35031141291446,0.16048131420416054
366,5458.454233031579,63,761705.1949828952,0.775120540080144,86.9936834467093,0.15967890763313974
367,791.9245468835718,62,244880.45003869914,0.0,23.983336260083252,0.15888051309497406
368,16341.94116897601,112,2052208.891305058,1.0,95.42397968909358,0.1580861105294992
369,1376.8061701615259,71,234368.84028052224,0.15,22.044164161592587,0.1572956799768517
370,6651.472451411843,99,706760.1315758466,0.0,0.9952574910282088,0.15650920157696743
371,8003.927584334508,100,1055419.5884604838,0.0,7.818154816508113,0.1557266555690826
372,21459.510535760382,84,2304877.6168610854,1.0,53.9945954604869,0.1549480222912372
373,18990.72564844952,119,2057958.3491913457,1.0,33.78784853078291,0.15417328217978102
374,21483.62107699648,68,2310602.9632187127,1.0,31.34474577432513,0.1534024157688821
375,16538.66534911984,103,1789052.7994057802,0.0,18.88551253530307,0.1526354036900377
376,5811.939538917468,99,858644.4396766449,1.0,18.41638876367329,0.1518722266715875
377,5651.413372329007,104,652565.6975314055,0.9634776882167071,6.922010102239334,0.15111286553822956
378,5375.352844961806,102,758318.0375416994,0.7843522692177287,14.577784519857351,0.15035730121053842
379,9872.828786504546,93,1276907.2773641078,1.0,17.95059122578462,0.14960551470448571
380,4409.705143033151,109,625100.3791504153,0.15,13.799853233113899,0.14885748713096328
381,12166.514674543032,89,1277384.4406324942,0.0,10.487204515342501,0.14811319969530845
382,9686.67970127251,86,1368645.753296331,1.0,76.75672380290767,0.1473726336968319
383,11871.828714332521,120,1389328.9597954387,0.9325653903446385,24.111542099635546,0.14663577052834775
384,12361.2973111928,101,1361908.1705673074,1.0,13.572811250213018,0.14590259167570602
385,4438.04243158259,68,685484.2977795315,0.8267797578095136,40.58860672746515,0.1451730787173275
386,35868.831330242836,104,3748602.2536828797,1.0,48.71218113245663,0.14444721332374086
387,22856.604050139835,113,2702553.126591838,1.0,91.17678991073704,0.14372497725712216
388,3886.2392799299123,82,586011.4672373699,0.7594901883760141,21.532442969889654,0.14300635237083656
389,17371.368582148327,87,2050840.7886889458,0.9360151592130729,14.784140539968957,0.14229132060898236
390,25116.902546716796,97,2558672.64787783,1.0,6.588595470335472,0.14157986400593744
391,10838.215449318004,102,1347324.7778296038,0.7669560614421828,15.657266403532894,0.14087196468590776
392,17558.871266466427,86,1961290.9741721568,1.0,11.01107659307434,0.14016760486247823
393,7049.145233345956,89,958838.817678067,1.0,51.5122209529901,0.13946676683816583
394,2410.681321890368,82,324502.5718231506,0.5,6.745291287339148,0.138769433003975
395,1752.20226091636,89,275256.61412821966,1.0,12.54289045988531,0.13807558583895513
396,10006.402132351664,86,1092221.9814062538,0.8544459428257469,8.469035289475315,0.13738520790976036
397,18709.839599429943,91,1966832.5599204204,1.0,15.12167070501101,0.13669828187021155
398,17372.559818824127,105,2095139.9907133868,0.9696993841876045,79.42217764483202,0.13601479046086049
399,4961.582441036899,69,777106.1806182159,0.0,90.53290901372695,0.1353347165085562
400,12795.905413019285,112,1622100.3550806348,1.0,27.383725420820372,0.1346580429260134
401,4375.502351685362,85,812378.5291443728,1.0,59.67697449300571,0.13398475271138335
402,813.6293287880013,79,165683.03223923268,0.15,19.61728101798655,0.13331482894782642
403,1630.1746683407603,95,414074.7927097621,0.0,59.87470452085076,0.13264825480308728
404,5960.28006370992,109,875503.035334376,0.0,35.76106477391103,0.13198501352907185
405,1589.716094171815,93,670046.285860532,0.3,97.15039387824869,0.1313250884614265
406,11572.552377323418,61,1425875.6545030684,1.0,16.277033652299142,0.13066846301911936
407,18105.651728638582,79,1914416.754163453,1.0,30.860505262032426,0.13001512070402377
408,9993.476969357005,98,1339220.6823144185,1.0,26.451860112619837,0.12936504510050365
409,9526.103796754496,116,1090167.258133811,0.8621327101947018,6.68342351773127,0.12871821987500112
410,11814.798167058736,77,1285515.2267327127,0.8106732386851635,10.576835697373404,0.12807462877562611
411,13074.064631075007,88,1726408.8292821378,0.9401288912062024,26.953886762326448,0.12743425563174798
412,2727.736171966955,79,598363.7930503696,0.7729693706493379,39.921782451532955,0.12679708435358925
413,25592.460207344102,115,2877919.193422322,1.0,46.622941857514995,0.1261630989318213
414,22008.986716042924,101,2630014.296523007,1.0,92.95292759326908,0.1255322834371622
415,1560.0286644584992,86,450305.92875075666,0.65,33.29338771499467,0.12490462201997637
416,677.3670123725328,60,183952.6573590894,0.8423729275593896,11.379765039481677,0.1242800989098765
417,5547.989959527369,67,878413.2334732657,0.7848367778999104,21.44576214079066,0.12365869841532712
418,9021.172922385887,89,1341896.6272977344,1.0,86.19871401996254,0.12304040492325048
419,10816.799492754757,80,1228150.649040427,1.0,11.845786362353374,0.12242520289863423
420,9821.841827454298,86,1322360.8112239328,0.9289554271628834,17.146901807749202,0.12181307688414106
421,7699.799212503201,76,1012345.3228433485,0.7750503358562182,69.61550670445544,0.12120401149972035
422,1862.0827907979913,78,339168.011817069,1.0,16.149208865126088,0.12059799144222175
423,17641.46814596904,106,2052760.5096101302,1.0,25.885463615429316,0.11999500148501063
424,5328.317319404503,84,906051.7068837659,0.0,13.09353316577817,0.11939502647758558
425,14965.054102809765,103,1475662.878324712,0.8112150858052939,2.801883137202147,0.11879805134519765
426,1027.4321231432757,62,477379.63347519503,0.0,28.206569160867698,0.11820406108847166
427,18011.09063342005,102,2210557.505579587,1.0,23.222636086091452,0.1176130407830293
428,16458.7465847674,83,1891484.3430161502,1.0,40.05387738359033,0.11702497557911415
429,23181.378221253002,87,2432251.2971030427,1.0,13.90790771616469,0.11643985070121858
430,1959.3823463601573,75,563917.6243592474,0.786397636852911,27.30687525551746,0.11585765144771248
431,3452.8628214607625,76,864430.8878736699,0.0,21.569206174116953,0.11527836319047392
432,4004.438984548229,81,653967.3448773759,0.7993084339477854,22.500964549725694,0.11470197137452155
433,3966.8257945271907,70,539198.7674161298,0.5,10.671880837740009,0.11412846151764894
434,9842.141866031112,68,1054738.349160732,1.0,11.473132553279232,0.1135578192100607
435,30662.30195590512,116,3340967.339418321,1.0,22.876392988211347,0.11299003011401039
436,17901.660105841187,72,1959990.9000831377,0.9145283090996279,76.60964870199483,0.11242507996344034
437,12077.1687822989,99,1651310.7312441943,0.9527552237610706,28.71567688230287,0.11186295456362313
438,-209.42984599206827,99,43973.15015291843,0.0,0.7547267720445742,0.11130363979080501
439,10992.537607963697,85,1460674.0410807184,0.8918291438543556,33.04611654819694,0.11074712159185099
440,4268.235428824169,94,530360.1331974131,0.8604258384609349,9.374098603621965,0.11019338598389174
441,4860.398903690868,81,936614.5719773591,0.5,15.319381554938989,0.10964241905397228
442,40957.67644801943,115,4385190.035187804,1.0,52.212229591442984,0.10909420695870241
443,8854.60134451468,89,1113404.5855269781,1.0,21.160170729818606,0.1085487359239089
444,3007.8164611544507,97,476977.7985654415,0.7596856638929683,24.484347080141994,0.10800599224428936
445,19442.078911849352,88,2262988.2372828787,1.0,78.09957435604981,0.10746596228306791
446,44522.46764048458,106,4556864.7402904965,1.0,10.715214082674843,0.10692863247165257
447,23356.880194045643,85,2692292.9386279867,1.0,52.48801065013428,0.1063939893092943
448,10868.268371703769,113,1314478.9505235606,0.8308630686864884,15.137009582009767,0.10586201936274783
449,4436.455795082713,78,478958.6664284486,1.0,2.7259273434044946,0.10533270926593409
450,6340.586364517033,76,1023981.9963366732,1.0,66.93447772101248,0.10480604571960442
451,7864.398315434114,94,1116758.516582953,0.0,20.847264623066888,0.1042820154910064
452,5031.720439410227,114,769146.2521652749,0.0,34.39790734042838,0.10376060541355137
453,1974.8037066473144,103,595634.2716296011,0.15,53.0848441879074,0.1032418023864836
454,9534.822538313887,69,979428.4597507528,0.9059821142424328,3.1199743465356966,0.10272559337455119
455,1539.6653389765775,66,592497.6038172164,0.5,68.51189182762745,0.10221196540767843
456,17002.619020517504,96,1696264.7682774146,1.0,5.868789956701185,0.10170090558064004
457,867.1802806999074,69,318557.45891597203,0.0,9.034264969417597,0.10119240105273684
458,5722.873943775384,89,853954.6119982947,0.8037898916277935,43.88394122540265,0.10068643904747315
459,3259.142592278183,100,667174.6960142737,1.0,68.04492417979054,0.10018300685223579
460,2260.060782007743,60,640494.2006975124,0.8317172546949803,70.88972854611455,0.0996820918179746
461,30074.640375614556,95,3018574.8350832593,1.0,15.840618227654137,0.09918368135888474
462,6811.984830503556,66,885181.2313563605,0.8512740295931932,13.417062776261927,0.09868776295209031
463,3718.2419632696374,86,696499.5820578658,0.0,18.57874846567481,0.09819432413732986
464,1044.5407713596182,102,231176.0221288006,0.0,18.077434300544553,0.09770335251664321
465,13635.30963570371,89,1745417.1899601747,1.0,40.70558700343565,0.09721483575406
466,3390.119266118421,75,534578.6778030511,0.0,63.838308825552794,0.09672876157528969
467,6072.375703024825,96,786946.8990657274,0.0,11.71943296332606,0.09624511776741324
468,1471.998484832446,113,362781.95378138556,0.0,50.25127324355473,0.09576389217857617
469,16047.768224696252,108,1577832.2584385467,1.0,1.8005480707721402,0.09528507271768329
470,-224.63918552645322,72,384997.59899094707,0.15,114.40081517939394,0.09480864735409487
471,1524.7913645178166,86,440723.92969562893,0.0,76.20616464608783,0.0943346041173244
472,5292.156154638398,79,656006.4266907074,0.9644345655060099,13.975357443051578,0.09386293109673778
473,264.0496997611369,85,151336.67056517868,0.15,4.514866068626339,0.09339361644125409
474,7916.859233080976,93,1081902.1872181206,0.884409034783477,18.865023157639378,0.09292664835904782
475,12532.671824132314,115,1436946.9140144559,1.0,40.097985124906934,0.09246201511725258
476,7199.585984856481,92,1123780.227609923,0.831191641037204,18.446974768681525,0.09199970504166631
477,-304.1633557349473,96,83015.00331394387,0.0,2.0062013641062473,0.09153970651645797
478,1674.815314971579,72,225960.26430073485,1.0,8.410350933913362,0.09108200798387568
479,2302.3901635669195,75,627286.3663216197,0.0,64.49407778226234,0.0906265979439563
480,23175.601263193465,111,2540387.3008050546,1.0,12.106831973142242,0.09017346495423652
481,4820.831110810391,68,811233.4754822713,0.7947855345699824,36.57800777769294,0.08972259762946533
482,29003.889909604604,86,3220851.8657723526,1.0,113.04985063663676,0.089273984641318
483,4329.175166889265,68,409846.98588430503,1.0,1.4932509773492049,0.0888276147181114
484,2799.5766409901876,60,760713.0945798635,0.65,61.880961937357704,0.08838347664452084
485,14651.351068312422,96,1593339.5631636048,0.9031531141860727,24.30061248130283,0.08794155926129824
486,4020.18282718171,118,915501.7200853222,0.0,47.090737711500786,0.08750185146499175
487,20716.089998266423,116,2139944.912729532,1.0,13.010890065819437,0.08706434220766679
488,4889.173808803946,114,614594.6309100143,1.0,11.719902690753102,0.08662902049662846
489,2109.9206452712892,84,360353.1356125513,0.0,21.96683393694151,0.08619587539414532
490,3261.8624381788904,80,686398.2061401157,0.5,26.230188489589654,0.08576489601717459
491,10894.662765376677,113,1374499.479235982,0.7604562673650118,67.23283038874595,0.08533607153708872
492,8971.776297459828,119,1173772.5356888827,1.0,42.51642267440587,0.08490939117940327
493,28411.988293312475,109,2935627.0996039812,1.0,21.146676145825083,0.08448484422350626
494,5633.569090140217,69,907165.0217629245,0.0,24.184413154111372,0.08406242000238873
495,11396.604948232945,75,1457178.061141654,1.0,19.059504610703804,0.08364210790237678
496,10552.292711750673,112,1032845.2224299674,0.973476660129025,2.2595764821559157,0.0832238973628649
497,5255.849293711104,110,943967.723440175,1.0,85.35963454003978,0.08280777787605056
498,4817.074876180524,85,787045.6291765431,0.65,34.53090059580444,0.08239373898667031
499,4360.400172723197,68,871866.3913323238,1.0,58.14016479653852,0.08198177029173696
500,1412.7716332123257,67,242789.83442017378,1.0,30.484163722526592,0.08157186144027828
501,34822.40895415295,109,3532026.8751916513,1.0,6.2805035013174,0.0811640021330769
502,12522.314782767342,96,1476426.1801662631,1.0,31.243127826642393,0.08075818212241151
503,25336.299993026678,112,2776378.960727284,0.9517376594812202,27.01277420425456,0.08035439121179945
504,13933.906228876585,106,1801070.480602429,1.0,39.585002087740044,0.07995261925574046
505,18093.089590231426,95,2116417.5842160033,1.0,36.978262054758204,0.07955285615946175
506,10363.547275330522,92,1282791.5043255107,0.8369442497065044,21.6322111647873,0.07915509187866444
507,3246.6079020857424,107,418773.7121936596,0.8303315300840568,11.525879145035644,0.07875931641927113
508,30979.715197189904,89,3492535.001148991,1.0,37.474750194442805,0.07836551983717477
509,15075.927765503004,99,1753645.4483664767,1.0,44.84996620639591,0.07797369223798889
510,22842.256947887614,64,2427868.712484025,1.0,21.79070492134622,0.07758382377679894
511,3908.3942205129206,100,517657.31595519255,0.0,10.792314213010835,0.07719590465791494
512,11157.319837780868,64,1353115.2561006378,0.8248218380595093,33.927520239361286,0.07680992513462537
513,9185.690043893104,101,1247103.780281483,1.0,37.53094506863314,0.07642587550895225
514,6429.3638967517245,109,1011627.8913326437,0.9613316806751471,18.241479986270857,0.07604374613140748
515,949.5292776701257,68,242080.85458488463,0.65,37.158073397022086,0.07566352740075044
516,14341.344705452208,81,1630278.948916636,1.0,23.93075452494902,0.07528520976374668
517,22581.88518188261,82,2531170.4154342622,1.0,22.734013081958192,0.07490878371492794
518,7298.515139612092,64,1154249.3971742133,0.8408883125832833,34.33010132286165,0.0745342397963533
519,1471.5086067977013,67,364594.6470223534,0.15,64.18852706320028,0.07416156859737154
520,4893.78884586278,61,688864.6811280373,0.3,20.693156466115756,0.07379076075438468
521,2230.1597343257085,65,522105.1874014618,1.0,68.26476680001024,0.07342180695061275
522,22918.478942428625,120,2410212.202207653,0.8964354783046782,85.05762512854795,0.07305469791585968
523,7773.178092737992,75,901381.517661432,0.0,8.995347513798722,0.07268942442628039
524,497.2776874685598,79,497651.05788841867,0.911622223003697,60.21062415574634,0.07232597730414898
525,11250.997116930726,117,1501292.6260405937,0.8995844796885755,24.907884451351794,0.07196434741762824
526,2308.522277660539,81,465490.5970332217,0.8088489241238964,62.988434837357104,0.0716045256805401
527,11051.836789326806,75,1269333.6124888181,1.0,16.167054142189986,0.0712465030521374
528,1277.612053644306,63,261188.17336795537,0.0,5.972900854402947,0.0708902705368767
529,8668.228817837979,60,1007850.1810103026,1.0,34.49939370682253,0.07053581918419231
530,11339.150178555543,71,1545925.4327741303,1.0,29.80884782291191,0.07018314008827135
531,2701.5116085423665,92,675753.3161420865,0.7586089414376412,146.0659391885088,0.06983222438783
532,11286.681155030774,107,1153587.265176919,1.0,3.307631140019638,0.06948306326589085
533,1600.238050400235,102,258532.06369263053,0.0,17.28323262921405,0.0691356479495614
534,1372.2853353874043,75,316034.5966145812,0.5,51.448947953223204,0.06878996970981359
535,26300.569472033654,107,2588081.820860391,1.0,13.958550519418198,0.06844601986126451
536,7096.204854656115,89,1150718.3926168412,0.65,32.99085582043647,0.06810378976195819
537,11746.860598942803,91,1162511.3114616151,1.0,6.3907439603291945,0.0677632708131484
538,9140.650041693198,84,903209.3366417041,1.0,2.6173281542909237,0.06742445445908266
539,11132.672809674834,64,1304549.9682826784,1.0,45.09159170595582,0.06708733218678724
540,21534.97954267132,98,2257024.4385011583,1.0,8.569627676207562,0.0667518955258533
541,5700.034658699394,68,935109.8338365214,0.7623435748433754,29.91504706809462,0.06641813604822402
542,6364.132107456487,70,832947.1122020378,1.0,15.013887982649345,0.0660860453679829
543,6748.6253578946325,74,725448.3636068905,0.0,1.3627769016874058,0.06575561514114299
544,17481.59584656833,104,1991869.7699848735,0.9191748716614325,36.96056959577803,0.06542683706543727
545,10526.109830236688,88,1050931.2449877101,0.8537567306758385,5.538913389616544,0.06509970288011008
546,9735.390073914587,109,1211146.4385449672,0.8669994329381503,34.039587442559736,0.06477420436570952
547,4714.938673957522,120,996464.1445265517,0.0,111.35917138912724,0.06445033334388098
548,1906.1942164462955,81,493019.8697183878,0.0,18.821736178023478,0.06412808167716157
549,6209.895417720816,111,777741.937008502,0.0,10.156893589568732,0.06380744126877576
550,1834.4094251537601,68,310734.7987440163,0.0,10.574336913535541,0.06348840406243188
551,8761.091936199098,106,1381471.693190145,0.0,56.269259454614456,0.06317096204211972
552,7791.069213237698,96,1164840.9000227223,1.0,23.907976618521186,0.06285510723190912
553,7506.092116641036,100,872406.0582007626,1.0,8.190112635438332,0.06254083169574957
554,9028.63554326901,116,1094411.2361928849,1.0,10.44019720922937,0.062228127537270826
555,12100.874586070795,62,1382302.5940699957,1.0,12.694663805615518,0.06191698689958447
556,2711.1821921106193,87,473514.68385772733,0.9883959957787624,71.88588634422045,0.061607401965086545
557,13248.593473504354,116,1512484.6837785707,0.9591140909221908,53.913730819198534,0.06129936495526111
558,22425.368774760424,85,2312861.4489074405,1.0,68.3279304760648,0.0609928681304848
559,20191.815225209004,109,2413703.709262164,0.8417862910859243,46.37705193565022,0.060687903789832374
560,12880.22889853777,117,1562746.1143923802,1.0,20.233626551376553,0.06038446427088321
561,19634.50747658758,89,2154311.818570794,1.0,22.797328875211722,0.06008254194952879
562,3025.0918276854345,116,595237.2146935689,1.0,73.11890471342993,0.05978212923978115
563,3867.9598331011407,95,668686.5287144928,0.7858372662186254,51.38611192642917,0.05948321859358224
564,6121.516714553679,104,645583.0488467771,1.0,4.774734559391231,0.05918580250061433
565,16183.946389914532,87,1590404.8047026892,0.8340823283557355,1.8420518719046948,0.058889873488111255
566,6247.105538532761,114,784315.0954288712,0.7749199672583097,30.188913426551938,0.058595424120670696
567,26249.647080043214,82,2647501.3457411653,1.0,10.054605435939271,0.05830244700006734
568,1660.3396109835912,88,197271.24279848786,0.7743378550105506,1.4610488807463793,0.058010934765067
569,13654.377545718871,61,1643285.8306276612,1.0,39.1552690119057,0.05772088009124167
570,8439.89921270821,72,979517.5982431871,1.0,12.257910603938466,0.05743227569078546
571,12641.605528986764,110,1301527.4425834203,1.0,5.425197121668688,0.05714511431233153
572,7652.536934254638,95,1015182.7854382258,1.0,47.13339239466227,0.05685938874076987
573,2669.0695640307054,63,753239.4677941917,0.0,81.2732164652651,0.056575091797066025
574,2144.6130673401954,112,499061.7956309136,0.0,64.4117859993057,0.056292216338080694
575,25977.20154163248,101,2604364.0066763815,1.0,5.779458177190541,0.05601075525639029
576,9026.338007121865,93,936213.1911883235,0.9854483496545321,5.461409298413746,0.05573070148010834
577,12437.760772185886,88,1632351.4016170797,0.9032516025838425,112.97525308515425,0.0554520479727078
578,9324.606188970398,70,1301205.6684037112,0.9807609935541028,25.303598481218927,0.05517478773284426
579,3840.603564767565,95,708037.582424796,0.0,11.987131194469649,0.05489891379418004
580,3493.5777740970148,120,624142.8741910113,0.3,42.22499606504889,0.05462441922520914
581,4776.933246805271,113,696663.432639619,0.0,19.642536524045823,0.0543512971290831
582,13238.959383293586,73,1612741.7899615979,1.0,121.25778071300046,0.05407954064343768
583,2701.556269998828,80,703738.0720353866,0.8298458206889592,57.41547959489455,0.05380914294022049
584,7623.217486640922,67,1035378.8381456332,0.0,89.31828515066645,0.05354009722551939
585,11482.150182573025,65,1586262.217520789,1.0,28.101208967867787,0.05327239673939179
586,16925.015602105675,88,1970128.257026144,0.762860002324576,103.13511661081677,0.053006034755694834
587,14455.37373757384,64,1706473.299507454,1.0,32.58762274615649,0.052741004581916356
588,20017.414728849824,78,2100350.0073587927,1.0,15.960278134103422,0.052477299559006776
589,4256.1431720428045,77,862922.8054194939,0.65,82.00142279552622,0.052214913061211746
590,20312.98611515302,120,2175932.161115572,0.9479880756584154,35.869606252492204,0.05195383849590569
591,1307.6143751293434,78,270619.12134072284,1.0,47.9705251729905,0.05169406930342616
592,7536.563060706804,107,743461.0365063654,1.0,6.252407822055622,0.05143559895690903
593,3242.2313116275805,63,685408.3112994486,0.7847164516123902,177.01879675655698,0.051178420962124486
594,9379.299461902254,61,1032958.8847128921,0.7995485924416331,36.21990102067517,0.05092252885731386
595,5389.611042010081,89,602934.5881691325,0.8112276512479492,12.049855526791337,0.05066791621302729
596,5981.539572015321,82,974173.7137992466,1.0,24.009974633226893,0.05041457663196215
597,149.18014482186766,72,88839.40840015007,0.15,4.037983100225683,0.050162503748802344
598,3062.8103244388185,112,514472.93820075406,0.7988340332976165,43.57490198653144,0.05
599,1749.6210091845196,85,243611.0367279286,0.7585754681251068,6.080144493620731,0.05
600,3184.1530348830142,107,683574.4811170327,0.0,101.69105908541695,0.05
601,15513.065691758742,73,1810479.8205059634,1.0,29.66252535216296,0.05
602,10073.54297612732,100,1390092.4779254477,1.0,20.688547877291874,0.05
603,2650.6504064911574,79,628985.6861220701,0.3,48.44680007405536,0.05
604,-205.14946431990572,103,31250.504523692493,0.15,0.21835272895706512,0.05
605,4809.796465825453,80,771784.8662960323,1.0,78.67257244093807,0.05
606,10838.258736136366,62,1326525.1269327488,0.8567120563267322,55.08358038366277,0.05
607,16426.90835425866,103,2013115.676755082,1.0,39.51129664496287,0.05
608,2770.858617364539,60,324394.2630894138,0.9047574062128665,6.7309596468755215,0.05
609,8543.60465463555,83,1095720.451436856,0.7639848929080761,18.663693928768943,0.05
610,7854.455440397258,89,1277098.5766936655,0.5,25.270534832140616,0.05
611,1554.7324033188002,63,363903.03462756576,0.15,15.903612109469892,0.05
612,2331.9912973759733,106,482769.73079159565,0.15,36.60653284862054,0.05
613,2325.9273728347266,111,481877.0200107279,0.0,16.12729547174981,0.05
614,2815.589940007303,67,615007.8492904777,0.65,31.010429811936913,0.05
615,436.67914182455297,102,271530.18442571,0.7507363341258241,87.65120125198956,0.05
616,3665.3821943561543,70,794603.7348303664,0.7858599043197566,76.39371813775682,0.05
617,3141.441889673108,90,504230.3112376545,0.7574519169529703,52.71361373565196,0.05
618,15216.439158612331,108,1742324.8183989534,1.0,18.830780590359723,0.05
619,9310.89504558222,74,1038236.982152763,1.0,24.426225656201744,0.05
620,3189.2409507000066,86,405362.12550997146,0.65,8.576904274502148,0.05
621,1354.6873676827634,76,177850.3063196864,0.15,1.4590877697475095,0.05
622,17109.5673966206,82,1838585.1981533708,1.0,9.275859092324412,0.05
623,17088.490846967106,94,1758674.7594469804,1.0,6.877145758352393,0.05
624,9942.893640261149,94,1288005.5508536578,0.0,10.764380820715136,0.05
625,20101.13296957664,109,2365078.920239183,1.0,51.66321334045188,0.05
626,10625.635369063024,61,1442348.3697204175,0.8005433100688971,41.19293762117909,0.05
627,1650.3174764795222,83,337513.2862760553,0.0,15.12636324615601,0.05
628,6852.077794093724,110,774693.8045791043,1.0,9.467649440655489,0.05
629,1014.1905425128339,64,490627.6946842288,0.3,47.920240247118485,0.05
630,4185.406712013172,76,784484.3512368791,0.5,25.134165575266156,0.05
631,838.3448692900466,94,326775.4068316025,0.15,44.46209048550123,0.05
632,13159.979187605108,89,1334848.944396074,1.0,3.2209383384017745,0.05
633,17131.60512367186,115,1733280.8360789139,0.9095071610015982,5.386250932301669,0.05
634,6499.030953357439,65,965076.2233209232,0.9336326828464007,84.25132480598643,0.05
635,11489.325372459212,70,1574444.8835016633,1.0,93.45018957333696,0.05
636,17050.34056803031,103,1711715.3374524787,1.0,5.3896740448335265,0.05
637,6360.5149081686395,112,689913.1194773514,0.0,1.9018074535356349,0.05
638,20954.940923696766,107,2104642.4913331773,0.8774592927792335,25.224496199281077,0.05
639,4416.036463185125,102,576358.8902031429,1.0,43.297235277221155,0.05
640,29072.680527350873,98,2925977.3526393496,0.8897034258736369,4.824983709276404,0.05
641,33415.51318107014,77,3651025.9620100753,1.0,25.702356790074226,0.05
642,1050.9228266135374,118,192140.00881198084,0.0,17.649016230544802,0.05
643,23849.115353209483,103,2375677.2111146473,1.0,10.932228210059586,0.05
644,540.1342396343842,60,247748.1941529436,0.15,41.56100191672033,0.05
645,1397.7851021016895,71,278305.17034772964,0.0,35.456340851238075,0.05
646,9944.730448499833,120,1019600.0308677894,1.0,7.531911764912376,0.05
647,2450.521890109328,84,268210.55358411814,0.8313066774424588,7.544122322951333,0.05
648,22798.922611909766,84,2486822.128703081,1.0,56.1366388718425,0.05
649,19457.381682117317,107,1999253.3360823197,1.0,6.799059700426255,0.05
650,15727.200211889538,120,1888426.2498417185,1.0,117.12067664487756,0.05
651,1629.2453364503729,108,307914.2975511905,0.3,36.52953730275885,0.05
652,10481.237670580857,82,1394658.1208510085,1.0,130.37204718821974,0.05
653,19079.584760634305,97,2263764.3788276357,0.8618150281196244,31.042295936192414,0.05
654,21334.496978135907,118,2351987.583694003,1.0,17.5084404144597,0.05
655,15425.652667666203,69,1753289.1814745294,0.7637685800380105,21.415873626453305,0.05
656,23140.1639954693,61,2342471.4041725965,1.0,16.356265002928893,0.05
657,17371.780499994726,95,1944643.4202180456,1.0,21.558041251396546,0.05
658,8084.6267301934195,101,1125321.7284401613,0.9856532974260294,47.53151569331733,0.05
659,5189.282355949365,64,640506.6589572922,0.8006446401861593,33.37925910868375,0.05
660,1234.2396492888624,113,180883.33222994002,0.15,2.9191383341898463,0.05
661,6517.928975395958,89,781368.4309588119,0.9144768667311062,17.25894653511698,0.05
662,29757.506503759145,110,3415985.1045079147,1.0,88.52373005334519,0.05
663,5528.882835758967,117,754111.2678617378,0.0,24.550662903965915,0.05
664,1238.028270349631,80,244757.50317698868,0.15,20.79868482226387,0.05
665,6949.1817025692535,117,1208873.6403791143,0.0,59.09039119285538,0.05
666,8513.613547740164,87,1177623.8641430028,0.0,14.608035803854783,0.05
667,5636.549106245061,64,980294.815307202,0.7557269526339039,21.881200016225268,0.05
668,4336.311128633921,89,722461.7258916212,0.7654934666433229,80.10501821343144,0.05
669,21258.448362451785,61,2307409.846042978,1.0,62.080762591534764,0.05
670,13758.75179870324,120,1453066.0943541748,1.0,15.346716846814749,0.05
671,18172.592725995302,63,2193407.2739524837,1.0,114.44138805706936,0.05
672,25208.519577401064,115,2479628.4286257164,1.0,0.7388256743590744,0.05
673,4051.004986353687,61,574341.3406854691,0.7655495296986996,23.719542096259122,0.05
674,2729.778068408268,68,579367.5486066635,0.0,66.32164300064576,0.05
675,15571.23962678968,102,1813635.1703559188,1.0,43.12737854347885,0.05
676,4576.379327493719,118,489241.0816696044,0.8035633434183814,6.795348121463899,0.05
677,29400.341550201272,116,3323374.2592905625,1.0,22.85752097130732,0.05
678,24672.836424302615,106,2767673.791827151,1.0,18.10466932687478,0.05
679,13683.59490416279,82,1802780.3730993741,0.8993466163177214,44.997816877109635,0.05
680,6822.793901589268,110,1115795.3729217593,1.0,120.81779459632033,0.05
681,634.8915721050455,70,149064.1677128952,0.15,13.797959080529782,0.05
682,5184.489127076794,91,720837.0420505896,0.0,32.66299280595681,0.05
683,20451.073904435612,97,2169175.358290505,1.0,13.1826613316602,0.05
684,6151.807390717147,93,969932.595130119,0.5,18.934027274878595,0.05
685,22298.077426371994,94,2535294.05559823,1.0,36.377372440343294,0.05
686,7865.123506438919,78,1212362.9963732287,0.9657964850279749,65.21932768629718,0.05
687,849.1605433639132,62,122361.75517187089,0.0,6.482482423466553,0.05
688,11884.493036532616,68,1601910.1944416098,1.0,63.10671434902794,0.05
689,4883.185736360243,117,742020.117453111,1.0,38.502178277724305,0.05
690,3249.5571560925164,85,544197.192760316,1.0,69.24189425210432,0.05
691,3168.004171140793,95,541572.1148277926,0.15,54.064522412863326,0.05
692,7161.1938656951315,85,963493.0063744008,0.8588564955707018,63.43338453104356,0.05
693,2287.028255291381,95,551787.8125027993,0.3,83.6856435713911,0.05
694,2918.794511138669,95,331661.8188721085,0.15,2.2001186957326015,0.05
695,17329.568376683455,113,2111434.0982294995,1.0,21.194205785169174,0.05
696,10673.121159995344,70,1124606.767780105,0.8763569412245219,19.14320366471789,0.05
697,8155.235557990493,76,791549.8290719076,0.7663537160864538,4.10087466918141,0.05
698,6769.897118826358,103,867270.6460999579,0.8674293112821778,15.889633800890033,0.05
699,4252.725086150808,107,858456.7996048055,0.9015668205535904,57.1645316364806,0.05
700,10787.443134550307,63,1078612.643992499,1.0,10.193914178779368,0.05
701,4456.1191109043,82,739950.3813371905,0.9502045101375016,23.40101845825014,0.05
702,35132.3094499397,115,3467452.814322515,1.0,12.090514588027064,0.05
703,6460.493270230749,65,876286.5055669073,0.0,14.187887925180064,0.05
704,2677.20506383078,73,670298.6319100581,0.7625120766320814,83.10106232848766,0.05
705,2327.4628095377543,108,330871.72209206875,0.0,7.842362628292764,0.05
706,2766.097533661725,82,560790.8674074166,0.0,40.33659339693674,0.05
707,14313.380333454157,113,1401651.3976965407,0.8877423014601074,5.864605563574088,0.05
708,7131.720964814108,100,784497.7378975978,1.0,7.292542559955776,0.05
709,3425.708804343731,84,667453.345176389,0.5,29.65996600938177,0.05
710,22764.896983371953,114,2518257.914917941,1.0,41.256487670933915,0.05
711,22687.833242656594,106,2352223.295568108,1.0,8.799656370950773,0.05
712,2134.2777695225695,111,620789.7310234227,0.0,56.38787409582046,0.05
713,3855.3150429868165,87,544161.4275883763,0.7835666969321285,14.19945790885205,0.05
714,13053.536224489988,94,1680602.496461558,1.0,41.96246358609322,0.05
715,7851.763138247156,115,888866.9750420447,0.0,19.408726557953152,0.05
716,17756.191835651458,75,1957911.0633134516,1.0,20.496923608785565,0.05
717,15039.78939220462,106,1947076.7617383264,0.0,27.33458555303959,0.05
718,5529.458090484267,70,718756.7874635913,1.0,17.981490365158702,0.05
719,7971.560160411987,60,1208152.9028286035,0.0,57.395893029511065,0.05
720,19830.28027874844,91,2276987.5085331504,1.0,54.70010994585063,0.05
721,5000.629979857479,62,617926.4136306676,0.3,3.7827390237471716,0.05
722,10874.351803390298,93,1416884.0844336357,1.0,86.77451182989306,0.05
723,28216.425438821145,113,3059262.947687677,1.0,22.967891212664682,0.05
724,14395.476387453413,113,1520447.9574846134,0.0,2.3272304590491983,0.05
725,3875.526627067862,72,439033.46030361066,0.844654329342867,10.796922736860735,0.05
726,4591.673490863202,104,624638.6248198132,0.0,12.903116024995105,0.05
727,12415.851062628142,65,1339109.4046026461,0.7936513045954033,56.188474958753,0.05
728,9662.299301089457,117,1243816.8283003196,0.8763208320143684,19.659412740956697,0.05
729,7431.948684533983,106,788083.8371005382,0.3,0.5622692576955681,0.05
730,7102.460733555719,80,862354.3604304772,1.0,13.18371753164498,0.05
731,6398.925357129994,70,644584.3651555415,0.8312070456934858,2.734251609885973,0.05
732,27657.967591297536,120,2733578.286741219,1.0,1.5797457779566764,0.05
733,14971.880057117041,84,1829447.7569903904,0.9801889284301447,79.35640019252357,0.05
734,8357.408793079134,72,1341101.8498891375,0.0,30.170591484309014,0.05
735,4742.795050868486,78,898858.9236535653,0.8865432062484679,65.65247021859456,0.05
736,13460.881870084084,62,1533898.1407174577,0.8888285946777622,10.802327020930765,0.05
737,19370.218280599755,110,1937951.0436656694,1.0,3.4602214898365493,0.05
738,22855.259966701353,101,2670031.2698666793,1.0,77.85838523238127,0.05
739,6661.5979886895375,64,1067953.9133727853,1.0,24.964206653782863,0.05
740,10347.588350164111,111,1464641.1557248367,0.8830070758580572,22.927952359730977,0.05
741,13816.686311718655,90,1528390.9272828419,1.0,19.615140784428533,0.05
742,4907.752271975358,65,767284.5590745697,1.0,45.59009307485439,0.05
743,14174.907455920204,89,1641185.7715184772,0.8247599711216621,15.146166776796749,0.05
744,13798.372066755215,68,1841781.3222294396,0.888836392171772,69.10135336746046,0.05
745,7242.865113820312,81,744309.1148313184,1.0,42.52620877740138,0.05
746,9634.022916489072,70,1150205.167875387,0.8303899255460356,12.29300500415905,0.05
747,12275.518244883011,97,1510669.4394492563,1.0,27.24655329592203,0.05
748,15731.221477533974,102,1964285.809258941,1.0,25.17359307830167,0.05
749,13594.775076875956,106,1396927.4950131332,1.0,1.5640811554668217,0.05
750,1385.3847569650034,110,194862.10790405,0.0,6.585999650881191,0.05
751,5769.290280135202,70,612120.6837971698,0.9515530511761409,18.194147934169475,0.05
752,23053.273520687326,110,2387569.7154306313,1.0,9.6801435392275,0.05
753,7055.670651346877,61,1054991.760788888,1.0,109.4595308130474,0.05
754,11636.014817501298,91,1429546.9165496656,0.7584793167958999,67.63101416435123,0.05
755,3512.4714049521017,84,499147.2094005142,0.0,10.413866160779595,0.05
756,5380.527336208745,95,590351.9956723909,0.0,0.6307052730813416,0.05
757,5556.893524405688,98,812051.908795843,0.9466584559491341,32.81181756043286,0.05
758,2811.202250869861,118,804612.8482751516,0.0,122.57792696737192,0.05
759,3959.334599563206,62,677305.448736721,0.0,19.59424494383321,0.05
760,21802.185584298844,77,2547394.007062672,1.0,23.340527977534087,0.05
761,2282.955683860974,101,532221.7063054945,0.0,36.14406141383333,0.05
762,1976.5500210353648,61,220061.0576590986,0.8414601013951333,9.22622787146795,0.05
763,10447.609868054376,78,1462447.1480319032,1.0,95.64051689777862,0.05
764,4287.574600741801,71,762042.2502646178,1.0,29.20522569917288,0.05
765,29572.37331782693,118,3177128.9101526206,0.8681567535500783,13.942916642905534,0.05
766,6614.713041173739,110,631471.5394326133,0.7802144049902502,0.9460314678818879,0.05
767,18250.08139732959,73,2220875.052299317,1.0,30.97956530082177,0.05
768,9556.562674600169,61,1025662.5138710055,1.0,10.189209277791543,0.05
769,8871.62011241097,75,1241443.8669666175,0.5,17.536735805062637,0.05
770,6711.94063262606,70,991432.3428069046,0.0,38.22547931895492,0.05
771,4302.01812656631,77,901798.1261564608,0.3,61.1737277115761,0.05
772,9367.341145449931,100,1369153.856879038,1.0,20.440646808607397,0.05
773,2663.999266348447,61,291611.7171229842,0.8261647752398006,7.257448307815986,0.05
774,7765.179291082179,62,850672.6394207536,1.0,5.041396983548543,0.05
775,10321.36164328496,116,1248891.182862662,0.8400558949310373,79.27338111786398,0.05
776,6262.8599019213725,115,732859.7445531689,0.5,6.567280929896828,0.05
777,7265.879589281248,76,1104639.8799376597,0.8688455095904666,16.54358562268525,0.05
778,37884.66836854474,117,4126077.8703406984,1.0,73.69280114124926,0.05
779,9162.291846115768,76,1224778.716332595,0.0,16.242271873173603,0.05
780,25315.24613262113,119,2784255.0996781047,1.0,26.30824648958137,0.05
781,8672.295411231942,77,1321515.8785249803,0.8239399514905812,72.12903889955807,0.05
782,995.9848652641192,84,374809.06174111087,0.15,13.659663886309968,0.05
783,10127.744835887495,105,1167385.364241381,0.775084182956895,29.90973363769648,0.05
784,6269.247950413263,92,701246.4366025421,0.0,1.9646032954473232,0.05
785,6111.0881527803285,97,1117419.5330918517,0.0,44.86452022122163,0.05
786,8157.819556628283,71,1208768.8806511147,0.7868393677993031,31.948502196781337,0.05
787,5762.1125105321635,74,901645.5401377507,1.0,31.12286473355155,0.05
788,13429.13167355915,92,1672841.6628307991,0.9893985901535595,40.81818910840385,0.05
789,3993.990285046821,88,738887.366391709,1.0,32.36151136194303,0.05
790,9218.715785350856,62,1075442.936051495,0.8366437721921967,26.507256331340734,0.05
791,16595.414090002225,97,2051206.0680895373,1.0,136.24560990019754,0.05
792,13452.239938310198,82,1671923.242800185,1.0,51.92891710751181,0.05
793,4831.8682971427115,91,809203.0276514995,0.0,39.956324317074916,0.05
794,3884.447771977411,71,763257.7109187039,1.0,20.00724742005834,0.05
795,14834.224665222973,70,1851879.8029986105,1.0,115.17027601975691,0.05
796,7109.390623828601,112,769801.0136155634,0.7749339486238855,12.273409891333358,0.05
797,36729.729634623014,118,4059945.715002979,1.0,22.781070852561545,0.05
798,11142.949285383236,103,1317367.7808012222,0.881063543391309,14.37128175659497,0.05
799,8403.084598034025,73,970649.7059767582,1.0,9.364691522076937,0.05
800,1984.1595484900522,108,226849.18349265875,1.0,6.479521035171562,0.05
801,18095.83785461672,75,2187452.098734695,1.0,26.687398478664072,0.05
802,8953.885040690122,75,1018770.7274078378,0.65,8.916093709652156,0.05
803,15144.256430274145,73,1726085.8661686962,0.9717878406885785,12.918552557903984,0.05
804,9609.269414813223,85,949887.4103357511,0.9878514384164375,2.7851690592465017,0.05
805,9408.770993378068,83,1118263.7089311746,0.9732290668801233,21.166470611091754,0.05
806,2760.3029007921987,78,291570.2509229028,0.65,1.661749071505674,0.05
807,9257.810313293036,108,1158560.5434933314,0.7536179811009847,27.996878364141544,0.05
808,20101.253068113172,102,2273616.716871867,1.0,63.98196564052608,0.05
809,4493.842464103448,78,875774.269125279,0.0,53.685286381482555,0.05
810,7766.5519470883855,111,1002409.2137270625,0.0,24.516270488521194,0.05
811,19415.12794690205,113,2276224.060347272,1.0,20.168305040567155,0.05
812,11258.059945827305,70,1379434.1849049604,0.7961292264463236,106.9321759586391,0.05
813,1177.9008861912414,73,489039.2070611728,0.65,54.38254561570789,0.05
814,3860.293300856979,117,631422.6221298454,0.0,36.704518833492074,0.05
815,21970.201688352063,118,2433105.3524080915,0.936601651459571,15.931056321560556,0.05
816,11548.867967591323,118,1161929.7978748768,0.8504218384646689,3.1091730757246845,0.05
817,6964.668478394946,84,1033858.7384499843,0.0,18.019111075093978,0.05
818,5944.826145797709,84,687229.6401071013,1.0,19.183273223185576,0.05
819,4136.256782768028,93,795831.9703147983,0.65,40.802772794511625,0.05
820,10416.98202410448,69,1288803.0999793753,1.0,14.80029456143826,0.05
821,3530.829705845761,108,652180.3073813989,0.0,22.074877227837987,0.05
822,17293.328470622662,68,2028936.4278953676,1.0,16.172659093991108,0.05
823,25202.584897535497,67,2854214.238978262,1.0,36.6542367064682,0.05
824,19884.744133059234,105,2171771.0870061107,0.8989515494500989,27.544782053919967,0.05
825,11917.82924288081,78,1576299.3183490809,0.8242817287873798,19.056793749971305,0.05
826,3773.1875979558918,86,788985.7986676617,0.0,21.763608610908445,0.05
827,7232.503575719411,71,1140515.3472726261,1.0,109.73034832342137,0.05
828,9715.635505750357,94,1456433.136439156,0.0,35.3053507265512,0.05
829,4757.971583188402,74,901607.7097689032,1.0,61.16637709967945,0.05
830,6351.802409906739,112,917751.1513420509,0.7854197445105374,15.582476805133165,0.05
831,4199.506997402037,103,703645.1515108375,0.65,39.61331416137631,0.05
832,13978.7785132309,90,1671607.6825579384,0.7679990721860207,83.65345009593221,0.05
833,25051.364055097794,106,2867299.00270231,1.0,45.73781658554454,0.05
834,3264.242419336536,70,462603.5616149506,0.15,5.928710163662935,0.05
835,20435.286328491107,120,2060935.5102925287,1.0,16.709487740085976,0.05
836,7115.043785851705,79,763376.7188034187,0.8278659563373016,18.824271062921337,0.05
837,2018.9059756110528,86,525477.397916283,1.0,86.25718579711318,0.05
838,8634.033974109438,99,1353796.7450109026,1.0,52.11325148767791,0.05
839,5349.767848390452,77,984043.6525908036,1.0,104.16727714156467,0.05
840,21642.51814000588,100,2482185.685468933,1.0,20.300961277898192,0.05
841,7248.190150438329,103,835924.3527180222,1.0,12.469312942005324,0.05
842,1474.7473027113158,99,602420.6143514753,0.15,110.47212791736155,0.05
843,17613.11324716689,92,1804741.7614324882,0.8248840937031585,27.232028535095886,0.05
844,9357.488148748007,80,1277581.546739127,0.9764733147819673,40.71212550170763,0.05
845,2961.015114140309,111,599390.5454182209,0.3,49.3496363329725,0.05
846,3316.241110295799,100,736623.501647807,1.0,114.39361857360797,0.05
847,6772.741874427327,114,986903.503990435,1.0,84.36452425913666,0.05
848,5771.765847854925,102,722688.1085875334,0.0,10.390194633669884,0.05
849,18767.9895090824,97,1865865.9429898649,1.0,14.248457779517178,0.05
850,28452.92224554029,108,3242497.1477894387,1.0,60.77260770479489,0.05
851,6410.657216011725,76,1019204.0584467568,1.0,31.379215089673092,0.05
852,7423.816654482717,77,1032276.1861266347,0.8459381677800599,15.081580842077864,0.05
853,14835.911615075764,101,1489642.323295219,1.0,7.234355065211906,0.05
854,5460.461373870528,75,717929.7745086963,0.7668494768471608,10.49263344160696,0.05
855,6907.414319772052,87,764404.1039047332,0.0,3.7336672787152336,0.05
856,8077.169425166865,76,810919.5688648921,1.0,7.673817413280857,0.05
857,21295.004636630583,118,2301915.0291964146,1.0,28.069495757953508,0.05
858,4854.331503559712,80,656421.8737480046,0.15,12.281474328017666,0.05
859,17691.258412954987,113,1954253.5817579199,1.0,18.524826839505135,0.05
860,16256.73976801352,62,2022075.6638022303,1.0,44.71922821872616,0.05
861,26343.184164342925,69,2914730.2200010065,1.0,51.27551543626095,0.05
862,6058.862780596086,98,835146.0466287974,1.0,32.74396840530389,0.05
863,19798.149275785065,72,2388091.713431101,1.0,23.12318668096609,0.05
864,2655.0180410085263,75,563791.5755791338,0.0,76.42675871228614,0.05
865,6447.307607611379,85,924607.7603809584,0.9618304660965957,54.386844392132375,0.05
866,3339.022117828618,67,844334.0130873158,0.0,88.09327657955932,0.05
867,8213.525323105308,117,1069730.7547269075,0.8164355230905042,24.573515505172818,0.05
868,9649.979383903707,104,1252852.0069694188,0.0,22.308148701004566,0.05
869,4039.883141051866,84,667066.5079834887,0.3,12.953520974960126,0.05
870,1506.2712367319755,65,592773.1959333366,0.15,171.48496934738307,0.05
871,3524.9072097358726,65,593307.9847383704,1.0,20.279804686438887,0.05
872,1173.2318647238046,100,165827.56995555927,0.0,2.1577323049497847,0.05
873,14799.526855453085,78,1921090.9617035454,1.0,68.95492394963077,0.05
874,10977.002529206447,115,1452318.7998084405,1.0,48.41995738674252,0.05
875,8112.60811850599,80,1231994.086308139,0.8937502042164726,113.99849172572021,0.05
876,15540.698354554179,103,1641463.5552528633,0.9448059438199932,8.814593842256352,0.05
877,6089.484548635278,66,646577.8032834129,0.7576373166601464,9.186803302363673,0.05
878,6962.9550099009175,119,864436.6136200887,0.0,12.489445424296667,0.05
879,35205.23461385751,119,3548994.565844757,0.9521140961728292,18.499366678794335,0.05
880,14057.364862893899,101,1452900.6099003362,1.0,2.0329323959559087,0.05
881,8302.424219649709,81,1044585.7304801311,1.0,26.177901536535707,0.05
882,18771.413288761836,113,1873310.444483286,1.0,4.395232674899803,0.05
883,8621.305114339944,91,908481.5034616904,0.875835670212771,5.627034589374874,0.05
884,4699.81019023364,110,721300.0411585189,0.0,44.71995995241967,0.05
885,2476.6743274448395,72,395318.6750483366,0.0,12.749979784108836,0.05
886,7986.7339916997735,85,1032419.8666913639,0.0,16.71434913664428,0.05
887,2478.380964952151,79,650738.5649262244,0.0,108.23882311719325,0.05
888,8857.474790600254,104,1207618.203800383,1.0,60.113787080319284,0.05
889,27679.344420213885,110,2929909.8497886425,1.0,23.267008192035494,0.05
890,19846.93722731904,113,2392682.236991634,0.9220541106855141,51.03898307369261,0.05
891,14010.417012696389,117,1498039.0877048394,1.0,8.45770306535047,0.05
892,23610.802137387975,85,2353770.1077995375,1.0,1.4636285066932404,0.05
893,17093.199578034964,95,1874365.1867482003,0.9267014913574962,30.3432484523065,0.05
894,12752.918492353709,88,1532060.5557466904,1.0,27.16573913229234,0.05
895,6262.997848878752,106,741169.2715394864,0.8519303099567418,15.146635474646715,0.05
896,8630.344745133627,103,1205808.9474269922,0.9186685224335471,66.11149540847785,0.05
897,6596.607634392941,110,711285.8657934131,1.0,12.879359734041762,0.05
898,12339.294587193657,85,1659532.9766257515,1.0,32.278693670657184,0.05
899,17550.904969007282,120,1828586.9780752023,1.0,25.358571105399783,0.05
900,22437.983089545374,97,2296417.326245279,0.984678668941191,30.237836284614712,0.05
901,26912.90114099878,86,3014723.0639905375,1.0,68.77715320033757,0.05
902,12007.892723958228,70,1545864.8425963954,1.0,34.004759714551795,0.05
903,16261.68954396422,97,1678608.0986857845,1.0,3.1037790491166777,0.05
904,8357.83745176578,111,1275206.605805706,1.0,66.55226618922426,0.05
905,12279.557413700053,114,1275132.9343059333,0.0,1.0670877333373245,0.05
906,7682.090302769751,62,1023948.8076015178,1.0,17.05693648640912,0.05
907,14391.954327628853,81,1647756.5609386833,0.9005860306149107,76.07687971317536,0.05
908,8624.131990473503,65,1308659.3250140655,0.8565617420485463,54.63978290245666,0.05
909,14936.705950554348,88,1703436.7290883502,1.0,51.73874108142384,0.05
910,13841.365132457067,76,1686387.6920901434,0.9836267326797261,47.244911198372705,0.05
911,6925.28994881241,69,876447.5175684497,0.8802935215757962,42.592162224202795,0.05
912,11281.333250520409,109,1526718.535771414,0.8639477459152882,39.68061874983694,0.05
913,22716.39346732111,119,2340950.0908787576,1.0,17.768828352325002,0.05
914,22509.261514334547,109,2506304.920702408,1.0,18.32125762049666,0.05
915,16139.208563729062,103,2028453.5248828526,1.0,36.588205758920786,0.05
916,916.2190607593358,64,204381.55059008516,0.0,17.341353726446556,0.05
917,3083.322124192542,81,328028.84731968323,0.7516856656726485,17.68635903421738,0.05
918,2935.911436489414,62,678187.4507957872,0.8530086302370108,68.42138974858729,0.05
919,35961.71915722197,117,3744361.4018490836,1.0,11.063709405484692,0.05
920,4831.507689113177,104,619292.0447086301,0.5,12.05273058751342,0.05
921,3962.071411363207,71,754505.1320872128,1.0,116.40716746874934,0.05
922,19080.989381464784,86,2068434.7892931863,1.0,7.654716052787292,0.05
923,16470.181915199322,100,2007997.2362211358,1.0,24.404538144433143,0.05
924,2307.9427904004033,107,611426.0594762313,0.0,37.103452792929204,0.05
925,36816.83438838565,106,3826479.888174712,1.0,36.75160107197495,0.05
926,11684.625430557433,94,1625970.5232859682,1.0,104.4090205478771,0.05
927,6769.5354565366815,105,922787.0960468359,1.0,48.86241536209079,0.05
928,5727.761245431343,91,811366.2156170505,0.8964202984686082,27.986616183244436,0.05
929,7522.802351146193,76,970738.6444525399,1.0,16.330419933592623,0.05
930,301.232256696372,61,62965.01333762698,0.15,2.5580636200529585,0.05
931,2790.2866484752867,61,407142.5516233014,0.0,19.0690976764183,0.05
932,17710.26960546575,101,2208533.0350319464,1.0,92.25101553957822,0.05
933,14831.17129339081,105,1497553.0894315634,1.0,8.646668751041773,0.05
934,24015.53238723921,67,2547310.615084262,0.9068332660577433,33.71762446796577,0.05
935,34986.4101667061,96,3851337.2579627456,1.0,59.1720609840001,0.05
936,14717.796865994784,69,1698176.7896349034,0.770165289139063,19.320352262633676,0.05
937,7048.882543181501,106,775596.5193759536,0.5,4.841694578034098,0.05
938,5272.686183747183,79,671384.7471035041,1.0,23.970358285291866,0.05
939,11355.598051645025,97,1496983.5165433334,0.8529321181897539,26.91641440388861,0.05
940,9855.122612346899,109,1251886.3600666365,0.9105175123514064,15.484741666551622,0.05
941,8649.372419334408,90,1308230.0752034492,0.8818839302377159,57.06711567321534,0.05
942,5051.757308772465,85,640287.7446390911,1.0,13.410132776131828,0.05
943,23743.219252376548,89,2399312.5480798176,1.0,11.675244115438606,0.05
944,6915.931900673319,113,954650.4306757335,0.5,22.976421315299742,0.05
945,5026.824416068532,76,640293.6235545769,1.0,6.912491953609775,0.05
946,8848.972268136436,65,1116195.2621909587,0.7937971270691495,16.307504415738343,0.05
947,2079.9552514618904,76,406658.88393350085,0.15,60.08735074613327,0.05
948,4387.11976341397,88,617871.2209089878,0.0,22.142699823289917,0.05
949,41292.95232806018,97,4521167.526353761,1.0,59.8807428487997,0.05
950,10374.070762688678,99,1446001.6979677344,0.982699355565074,68.68525523277512,0.05
951,7961.058223762218,61,974091.1054069783,1.0,10.728560387599693,0.05
952,17705.95548755194,82,2181121.3857905366,1.0,110.05711300719634,0.05
953,3820.6563814917567,71,601863.419114593,0.3,27.063223527406997,0.05
954,8042.461601679559,69,1123770.280298165,1.0,88.1690667466901,0.05
955,16436.244608298708,112,1850014.4913424836,1.0,36.59886185157081,0.05
956,3218.4824379863358,71,335488.3312635055,0.7668466922013354,4.662771660166083,0.05
957,4543.035867906706,76,719621.4574913399,0.7831982706664113,18.522796876366385,0.05
958,15193.959928095335,112,1647969.5566656068,1.0,12.20804675506054,0.05
959,6425.917234171541,81,832831.9058346412,1.0,10.629170196628772,0.05
960,8451.436720698615,78,1218106.8143642023,0.7586370645987185,17.349148588063844,0.05
961,19619.99814618289,103,2248830.9651268777,0.9183014873739572,38.00611123880074,0.05
962,5270.617028217083,69,770073.1046878882,0.8686083978880623,93.24849586567406,0.05
963,7382.682170269937,119,792962.5231836609,0.0,12.513445307376298,0.05
964,12613.795111981992,71,1508128.998662961,0.0,48.16981178633809,0.05
965,2619.842128868403,113,461308.39515334036,0.15,5.738498923741041,0.05
966,6644.522794645351,68,1050368.4895472876,1.0,24.712312286803904,0.05
967,29229.72042610084,104,3296693.8298614314,1.0,61.71865689829332,0.05
968,11569.517552250301,66,1264697.8087076962,1.0,6.605217202871817,0.05
969,12228.779030736594,77,1543352.5501717192,1.0,29.07919368877541,0.05
970,7929.047612953011,62,1123929.9630436385,1.0,56.750284542727464,0.05
971,8751.387334465498,63,1264379.4273447788,0.0,42.13434639439221,0.05
972,16479.302558941432,111,1954572.4393129947,1.0,95.10871870365048,0.05
973,18852.018298979696,106,2308801.488103099,1.0,51.36271596219693,0.05
974,18860.852183999814,78,2147056.8145221192,1.0,43.84550806086048,0.05
975,6403.637767120265,81,1008696.0524508685,0.7708770837561091,99.91795499306726,0.05
976,22746.94462976899,94,2616084.3136030147,1.0,36.197630950839816,0.05
977,8680.99625996119,91,1112632.1632773585,0.0,18.475384812984526,0.05
978,4217.4902536443215,60,758576.7904910016,1.0,35.37360621545213,0.05
979,5984.025187044546,119,637403.7544847702,1.0,10.870762552203274,0.05
980,11408.633107458672,80,1397596.0887929604,0.758652966001692,20.112529565550858,0.05
981,4291.162916469213,96,714710.3811552387,0.0,27.467051582757016,0.05
982,5911.653931560175,68,994191.2647695878,1.0,64.11013838867638,0.05
983,21784.113782261404,120,2482976.1733684316,1.0,83.52748948206126,0.05
984,14901.998062957213,84,1824275.8908949234,1.0,43.66920047447254,0.05
985,8254.580037957672,103,1079264.564455218,0.8326443600218033,25.399706587781292,0.05
986,31234.626252422808,99,3498528.4745417386,1.0,25.39686587173352,0.05
987,10228.183222356358,84,1441829.4128749706,0.9776445573412802,21.208216286695738,0.05
988,17090.691814316524,109,1993808.0901648768,1.0,23.15889849215916,0.05
989,14363.675753943815,89,1743898.2522339125,1.0,17.312429355311874,0.05
990,18721.112303857666,112,1933380.921830583,1.0,5.5969903839423605,0.05
991,15901.1842393977,69,1933334.0305833411,1.0,31.373626637710085,0.05
992,8023.055148652737,109,874763.1923239909,0.7611426141863171,18.579813731776703,0.05
993,12984.915825841004,63,1326118.5223632178,1.0,2.1499985624330256,0.05
994,4221.456043064014,120,710623.8622680259,0.0,5.860147049324357,0.05
995,7102.324721973483,60,952682.9937349269,1.0,40.58974652877857,0.05
996,8234.317452922582,105,1056746.2659494209,1.0,61.721523822748445,0.05
997,6870.519602065764,101,760968.3371351146,0.8791914756534467,25.35228714387704,0.05
998,7982.747031161038,65,918898.6904291034,0.65,8.93263981893719,0.05
999,24031.4834549296,116,2462095.265928162,1.0,4.701987154584169,0.05
